{
  "finger": "thumb",
  "sensor_col": "SensorA0",
  "affine": {
    "a": 1.0,
    "b": 0.0
  },
  "R_to_L_model": {
    "finger": "middle",
    "r_cm": 1.0,
    "sensor_col": "SensorA0",
    "phases": {
      "Flex": {
        "sensor_norm_lo": 392.0,
        "sensor_norm_hi": 631.9499999999999,
        "quadratic": {
          "a": -0.27699067428845736,
          "b": -2.8749298545649578,
          "c": -0.1582191748803486
        },
        "linear": {
          "a": -3.145169514553422,
          "b": -0.1198849273780122
        },
        "metrics": {
          "R2_lin": 0.9098794460290609,
          "MSE_lin": 0.0966166389293628,
          "R2_quad": 0.9102787810769419,
          "MSE_quad": 0.0961885189452646
        }
      },
      "Extend": {
        "sensor_norm_lo": 292.0,
        "sensor_norm_hi": 490.0,
        "quadratic": {
          "a": 1.4815102125274564,
          "b": 1.8496427438452343,
          "c": -3.4713461576734277
        },
        "linear": {
          "a": 3.2056826287655076,
          "b": -3.594609372616552
        },
        "metrics": {
          "R2_lin": 0.9061357692870732,
          "MSE_lin": 0.13322631607096036,
          "R2_quad": 0.9138160350690657,
          "MSE_quad": 0.12232532099744714
        }
      }
    }
  },
  "L_to_theta_model": {
    "phase_quadratic": {
      "Flex": [
        -3.1875943064514387,
        -3.7138699042413754,
        52.790894660742154
      ],
      "Extend": [
        3.8955807335268915,
        9.975073553970677,
        -0.7871132209896187
      ]
    },
    "ycol_used": "∠ABD_smooth"
  },
  "motor_ids": {
    "flex_id": 1,
    "extend_id": 4
  },
  "metrics": {
    "has_gt": true,
    "gt_col": "∠ABD_smooth",
    "RMSE_before": 13.111704848955245,
    "R2_before": 0.5116481685947774,
    "suggest_a": 0.6463142115328235,
    "suggest_b": 8.224933585928587,
    "RMSE_after": 9.736931383747736,
    "R2_after": 0.7306861361077042
  }
}