{
  "finger": "index",
  "sensor_col": "SensorA1",
  "ycol": "θ_total",
  "phases": {
    "Flex": {
      "sensor_norm_lo": 312.0,
      "sensor_norm_hi": 575.19,
      "quadratic": {
        "a": -171.5934490663165,
        "b": 173.293970260561,
        "c": 68.08097696113947
      },
      "linear": {
        "a": 20.784843788152568,
        "b": 78.6266688287314
      },
      "metrics": {
        "R2_lin": 0.13554000908280528,
        "MSE_lin": 352.71509038991985,
        "R2_quad": 0.5326594636426181,
        "MSE_quad": 190.6832719340474
      }
    },
    "Extend": {
      "sensor_norm_lo": 263.28,
      "sensor_norm_hi": 409.0,
      "quadratic": {
        "a": 157.31573311978755,
        "b": -105.01798255639912,
        "c": 13.764827267578923
      },
      "linear": {
        "a": 41.12548250152613,
        "b": -0.6883670793767902
      },
      "metrics": {
        "R2_lin": 0.39219789743663536,
        "MSE_lin": 323.21071455012077,
        "R2_quad": 0.6636688331347338,
        "MSE_quad": 178.85070865918203
      }
    }
  }
}