{
  "finger": "middle",
  "r_cm": 1.0,
  "sensor_col": "SensorA2",
  "phases": {
    "Flex": {
      "sensor_norm_lo": 440.0,
      "sensor_norm_hi": 779.73,
      "quadratic": {
        "a": 2.200721258064507,
        "b": -6.844460522076297,
        "c": -0.8640966662565388
      },
      "linear": {
        "a": -4.842964555416206,
        "b": -1.04559439672039
      },
      "metrics": {
        "R2_lin": 0.9135457093774655,
        "MSE_lin": 0.2683580024108962,
        "R2_quad": 0.9220940859141195,
        "MSE_quad": 0.24182345756975554
      }
    },
    "Extend": {
      "sensor_norm_lo": 358.0,
      "sensor_norm_hi": 566.65,
      "quadratic": {
        "a": -0.30969599192502256,
        "b": 3.607678729854635,
        "c": -3.526220632568316
      },
      "linear": {
        "a": 3.327989688378224,
        "b": -3.5036053233197744
      },
      "metrics": {
        "R2_lin": 0.892835447459742,
        "MSE_lin": 0.17169327742748292,
        "R2_quad": 0.8931503179129271,
        "MSE_quad": 0.17118880893682115
      }
    }
  }
}