phase,N,RMSE_active,R2_active
Flex,436,5.758943114041279,0.6122052783462508
Extend,436,5.098352627040951,0.7265806238677542
