{
  "finger": "middle",
  "r_cm": 1.0,
  "phases": {
    "Flex": {
      "targets": {
        "θ_total": {
          "linear": {
            "a": -1.5523006675891697,
            "b": 22.79165187266494
          },
          "quadratic": {
            "a": 0.796119275367187,
            "b": 3.141494345544786,
            "c": 27.24838343498354
          },
          "metrics": {
            "R2_lin": 0.11093185157676,
            "MSE_lin": 59.712038919321415,
            "R2_quad": 0.18109409323312553,
            "MSE_quad": 54.999767411359
          },
          "L_rel_range": {
            "min": -5.890451318895822,
            "max": 0.0
          }
        },
        "∠ABC_smooth": {
          "linear": {
            "a": -0.7419378101085307,
            "b": 16.942495478482318
          },
          "quadratic": {
            "a": 0.40078699107935095,
            "b": 1.6210397464762716,
            "c": 19.186129175312743
          },
          "metrics": {
            "R2_lin": 0.07499509523487635,
            "MSE_lin": 20.993149806989578,
            "R2_quad": 0.12761713652750262,
            "MSE_quad": 19.79888327897998
          },
          "L_rel_range": {
            "min": -5.890451318895822,
            "max": 0.0
          }
        },
        "∠BCD_smooth": {
          "linear": {
            "a": -0.8103628574806379,
            "b": 5.8491563941826294
          },
          "quadratic": {
            "a": 0.3953322842878372,
            "b": 1.5204545990685185,
            "c": 8.062254259670793
          },
          "metrics": {
            "R2_lin": 0.1651923225818387,
            "MSE_lin": 10.260937730586436,
            "R2_quad": 0.25972848603400867,
            "MSE_quad": 9.098957896534955
          },
          "L_rel_range": {
            "min": -5.890451318895822,
            "max": 0.0
          }
        }
      }
    },
    "Extend": {
      "targets": {
        "θ_total": {
          "linear": {
            "a": 4.566657181394959,
            "b": 67.19086792765192
          },
          "quadratic": {
            "a": -3.5029678590615143,
            "b": -10.30180508620015,
            "c": 56.989804344951175
          },
          "metrics": {
            "R2_lin": 0.34527498433561954,
            "MSE_lin": 62.94442133139663,
            "R2_quad": 0.5937078537864838,
            "MSE_quad": 39.06040463254637
          },
          "L_rel_range": {
            "min": -4.2067321894968925,
            "max": 0.0
          }
        },
        "∠ABC_smooth": {
          "linear": {
            "a": 1.8945824443035446,
            "b": 37.91874747147433
          },
          "quadratic": {
            "a": -1.549342455514671,
            "b": -4.681652555915597,
            "c": 33.40687595681044
          },
          "metrics": {
            "R2_lin": 0.26598422503730523,
            "MSE_lin": 15.766784608437304,
            "R2_quad": 0.48350070340738094,
            "MSE_quad": 11.094493384967214
          },
          "L_rel_range": {
            "min": -4.2067321894968925,
            "max": 0.0
          }
        },
        "∠BCD_smooth": {
          "linear": {
            "a": 2.6720747370914224,
            "b": 29.272120456177586
          },
          "quadratic": {
            "a": -1.9536254035468374,
            "b": -5.6201525302845345,
            "c": 23.58292838814073
          },
          "metrics": {
            "R2_lin": 0.4007369040733706,
            "MSE_lin": 16.995032564929502,
            "R2_quad": 0.6626837547460728,
            "MSE_quad": 9.56624996889867
          },
          "L_rel_range": {
            "min": -4.2067321894968925,
            "max": 0.0
          }
        }
      }
    }
  }
}