{
  "finger": "middle",
  "r_cm": 1.0,
  "sensor_col": "SensorA0",
  "phases": {
    "Flex": {
      "sensor_norm_lo": 392.0,
      "sensor_norm_hi": 631.9499999999999,
      "quadratic": {
        "a": -0.27699067428845736,
        "b": -2.8749298545649578,
        "c": -0.1582191748803486
      },
      "linear": {
        "a": -3.145169514553422,
        "b": -0.1198849273780122
      },
      "metrics": {
        "R2_lin": 0.9098794460290609,
        "MSE_lin": 0.0966166389293628,
        "R2_quad": 0.9102787810769419,
        "MSE_quad": 0.0961885189452646
      }
    },
    "Extend": {
      "sensor_norm_lo": 292.0,
      "sensor_norm_hi": 490.0,
      "quadratic": {
        "a": 1.4815102125274564,
        "b": 1.8496427438452343,
        "c": -3.4713461576734277
      },
      "linear": {
        "a": 3.2056826287655076,
        "b": -3.594609372616552
      },
      "metrics": {
        "R2_lin": 0.9061357692870732,
        "MSE_lin": 0.13322631607096036,
        "R2_quad": 0.9138160350690657,
        "MSE_quad": 0.12232532099744714
      }
    }
  }
}