phase,N,RMSE_active,R2_active
Flex,428,14.107334111471049,0.5122348567563495
Extend,429,13.841274224413041,0.6397295891967754
