{
  "finger": "middle",
  "sensor_col": "SensorA2",
  "ycol": "θ_total",
  "phases": {
    "Flex": {
      "sensor_norm_lo": 423.28,
      "sensor_norm_hi": 805.0,
      "quadratic": {
        "a": 11.043234948043624,
        "b": -1.9083413718039974,
        "c": 24.39960959653406
      },
      "linear": {
        "a": 9.316908486293375,
        "b": 22.69258464172169
      },
      "metrics": {
        "R2_lin": 0.13405004142804922,
        "MSE_lin": 58.15936350901385,
        "R2_quad": 0.14407703371803515,
        "MSE_quad": 57.48592564609499
      }
    },
    "Extend": {
      "sensor_norm_lo": 349.0,
      "sensor_norm_hi": 584.0,
      "quadratic": {
        "a": -3.971034020229926,
        "b": 13.329013128244258,
        "c": 53.863057092931946
      },
      "linear": {
        "a": 9.761748501762368,
        "b": 54.12493044266059
      },
      "metrics": {
        "R2_lin": 0.12267843826764058,
        "MSE_lin": 84.344567113819,
        "R2_quad": 0.12344656508021923,
        "MSE_quad": 84.2707203895147
      }
    }
  }
}