{
  "finger": "thumb",
  "r_cm": 1.0,
  "phases": {
    "Flex": {
      "targets": {
        "∠ABD_smooth": {
          "linear": {
            "a": 7.315728938052312,
            "b": 58.91313928777201
          },
          "quadratic": {
            "a": -3.1875943064514387,
            "b": -3.7138699042413754,
            "c": 52.790894660742154
          },
          "metrics": {
            "R2_lin": 0.6709027934277791,
            "MSE_lin": 28.14542945807273,
            "R2_quad": 0.7747212698142519,
            "MSE_quad": 19.266546425260298
          },
          "L_rel_range": {
            "min": -3.4245570674514614,
            "max": 0.0
          }
        }
      }
    },
    "Extend": {
      "targets": {
        "∠ABD_smooth": {
          "linear": {
            "a": -5.652047012537102,
            "b": -10.928994836756871
          },
          "quadratic": {
            "a": 3.8955807335268915,
            "b": 9.975073553970677,
            "c": -0.7871132209896187
          },
          "metrics": {
            "R2_lin": 0.476947935106672,
            "MSE_lin": 49.725066559048656,
            "R2_quad": 0.7282975689900442,
            "MSE_quad": 25.82997443854985
          },
          "L_rel_range": {
            "min": -3.977710085050197,
            "max": 0.0
          }
        }
      }
    }
  }
}