phase,N,RMSE_active,R2_active
Flex,436,5.753236293129971,0.6129734673908033
Extend,436,5.093140767957457,0.727139351358282
