{
  "finger": "thumb",
  "sensor_col": "SensorA0",
  "ycol": "∠ABD_smooth",
  "phases": {
    "Flex": {
      "sensor_norm_lo": 392.0,
      "sensor_norm_hi": 631.9499999999999,
      "quadratic": {
        "a": -37.015293226567714,
        "b": 14.666266152699297,
        "c": 52.10290516213391
      },
      "linear": {
        "a": -21.44686394316776,
        "b": 57.22565312310364
      },
      "metrics": {
        "R2_lin": 0.5303562873171291,
        "MSE_lin": 40.16540925224274,
        "R2_quad": 0.6197514275633574,
        "MSE_quad": 32.52005534632138
      }
    },
    "Extend": {
      "sensor_norm_lo": 292.0,
      "sensor_norm_hi": 490.0,
      "quadratic": {
        "a": 37.221780779325066,
        "b": -56.223317095509834,
        "c": 14.4649622729683
      },
      "linear": {
        "a": -22.153879775591022,
        "b": 11.368070786178912
      },
      "metrics": {
        "R2_lin": 0.6461171333647455,
        "MSE_lin": 33.642633838246475,
        "R2_quad": 0.7184974845644945,
        "MSE_quad": 26.761640486831553
      }
    }
  }
}