{
  "finger": "index",
  "r_cm": 1.0,
  "phases": {
    "Flex": {
      "targets": {
        "θ_total": {
          "linear": {
            "a": -7.411695628439558,
            "b": 64.74805916173462
          },
          "quadratic": {
            "a": -6.039679301354561,
            "b": -41.80752110916893,
            "c": 33.2243568000421
          },
          "metrics": {
            "R2_lin": 0.38887045103325213,
            "MSE_lin": 249.35175296551702,
            "R2_quad": 0.9613869315417558,
            "MSE_quad": 15.754820436549688
          },
          "L_rel_range": {
            "min": -5.655983787182905,
            "max": 0.0
          }
        },
        "∠ABC_smooth": {
          "linear": {
            "a": -4.178673239886174,
            "b": 45.86478194409972
          },
          "quadratic": {
            "a": -4.245352037580955,
            "b": -28.355848964455515,
            "c": 23.7064507851436
          },
          "metrics": {
            "R2_lin": 0.28402996440364947,
            "MSE_lin": 127.13245852260911,
            "R2_quad": 0.9340177527525113,
            "MSE_quad": 11.716251930058641
          },
          "L_rel_range": {
            "min": -5.655983787182905,
            "max": 0.0
          }
        },
        "∠BCD_smooth": {
          "linear": {
            "a": -3.2330223885533798,
            "b": 18.88327721763491
          },
          "quadratic": {
            "a": -1.7943272637735983,
            "b": -13.451672144713378,
            "c": 9.51790601489851
          },
          "metrics": {
            "R2_lin": 0.5817057063610036,
            "MSE_lin": 21.709257720288132,
            "R2_quad": 0.9789701129657238,
            "MSE_quad": 1.0914402715941982
          },
          "L_rel_range": {
            "min": -5.655983787182905,
            "max": 0.0
          }
        }
      }
    },
    "Extend": {
      "targets": {
        "θ_total": {
          "linear": {
            "a": 13.99114118318086,
            "b": 46.91602645333717
          },
          "quadratic": {
            "a": 12.70134744232192,
            "b": 63.726495425154056,
            "c": 78.34639308955641
          },
          "metrics": {
            "R2_lin": 0.5001295505274864,
            "MSE_lin": 265.8159365937004,
            "R2_quad": 0.9395911270643189,
            "MSE_quad": 32.123605536019745
          },
          "L_rel_range": {
            "min": -3.9188924892579875,
            "max": 0.0
          }
        },
        "∠ABC_smooth": {
          "linear": {
            "a": 7.8000560545638935,
            "b": 30.008567609445905
          },
          "quadratic": {
            "a": 8.049433781942808,
            "b": 39.31965997140988,
            "c": 49.92745071451133
          },
          "metrics": {
            "R2_lin": 0.43369055704782544,
            "MSE_lin": 107.93668452355871,
            "R2_quad": 0.9261384254197511,
            "MSE_quad": 14.07776891785805
          },
          "L_rel_range": {
            "min": -3.9188924892579875,
            "max": 0.0
          }
        },
        "∠BCD_smooth": {
          "linear": {
            "a": 6.191085128616962,
            "b": 16.907458843891266
          },
          "quadratic": {
            "a": 4.651913660379113,
            "b": 24.406835453744186,
            "c": 28.418942375045155
          },
          "metrics": {
            "R2_lin": 0.5956008486691269,
            "MSE_lin": 35.35804694501962,
            "R2_quad": 0.9541346674628848,
            "MSE_quad": 4.010168111528504
          },
          "L_rel_range": {
            "min": -3.9188924892579875,
            "max": 0.0
          }
        }
      }
    }
  }
}